{
  "timestamp": "2025-09-27T19:47:26.301024",
  "session_duration_minutes": 15.000721866666668,
  "current_portfolio_value": 9992.032684595735,
  "metrics": {
    "total_trades": 1,
    "successful_trades": 0,
    "total_return": -0.000796731540426481,
    "max_drawdown": 0.0009990009990009639,
    "sharpe_ratio": -0.20580962934586056,
    "win_rate": 0,
    "avg_trade_return": 0,
    "volatility": 0.0002976792723216353,
    "total_fees": 9.990009990009991
  },
  "recent_trades": 1,
  "error_count": 0,
  "consecutive_errors": 0
}