{
  "timestamp": "2025-09-29T16:48:54.188598",
  "session_duration_minutes": 5.000227199999999,
  "current_portfolio_value": 10045.208945597618,
  "metrics": {
    "total_trades": 1,
    "successful_trades": 0,
    "total_return": 0.004520894559761837,
    "max_drawdown": 0.0009990009990009639,
    "sharpe_ratio": 1.2047268843828618,
    "win_rate": 0,
    "avg_trade_return": 0,
    "volatility": 0.0015269744025618985,
    "total_fees": 9.990009990009991
  },
  "recent_trades": 1,
  "error_count": 0,
  "consecutive_errors": 0
}