{
  "timestamp": "2025-09-27T19:07:46.403265",
  "session_duration_minutes": 20.0006981,
  "current_portfolio_value": 9996.661894990853,
  "metrics": {
    "total_trades": 1,
    "successful_trades": 0,
    "total_return": -0.0003338105009146602,
    "max_drawdown": 0.0009990009990009639,
    "sharpe_ratio": 0.22838705677536902,
    "win_rate": 0,
    "avg_trade_return": 0,
    "volatility": 0.00017150893035108378,
    "total_fees": 9.990009990009991
  },
  "recent_trades": 1,
  "error_count": 0,
  "consecutive_errors": 0
}