{
  "timestamp": "2025-09-27T19:37:26.270791",
  "session_duration_minutes": 5.000217983333333,
  "current_portfolio_value": 9994.222566674342,
  "metrics": {
    "total_trades": 1,
    "successful_trades": 0,
    "total_return": -0.0005777433325658422,
    "max_drawdown": 0.0009990009990009639,
    "sharpe_ratio": -0.2865095289440598,
    "win_rate": 0,
    "avg_trade_return": 0,
    "volatility": 0.0005037883863334873,
    "total_fees": 9.990009990009991
  },
  "recent_trades": 1,
  "error_count": 0,
  "consecutive_errors": 0
}