{
  "timestamp": "2025-09-27T18:52:46.369310",
  "session_duration_minutes": 5.000132183333333,
  "current_portfolio_value": 9995.646748502702,
  "metrics": {
    "total_trades": 1,
    "successful_trades": 0,
    "total_return": -0.00043532514972976057,
    "max_drawdown": 0.0009990009990009639,
    "sharpe_ratio": 1.1717105629667446,
    "win_rate": 0,
    "avg_trade_return": 0,
    "volatility": 0.00012036870859990095,
    "total_fees": 9.990009990009991
  },
  "recent_trades": 1,
  "error_count": 0,
  "consecutive_errors": 0
}