{
  "timestamp": "2025-09-23T08:12:23.968474",
  "session_duration_minutes": 35.00110848333334,
  "current_portfolio_value": 10035.713587599928,
  "metrics": {
    "total_trades": 1,
    "successful_trades": 0,
    "total_return": 0.003571358759992836,
    "max_drawdown": 0.0011085168213760906,
    "sharpe_ratio": 0.4121570185697023,
    "win_rate": 0,
    "avg_trade_return": 0,
    "volatility": 0.0003574282046640851,
    "total_fees": 9.990009990009991
  },
  "recent_trades": 1,
  "error_count": 0,
  "consecutive_errors": 0
}