{
  "timestamp": "2025-09-27T18:57:46.378196",
  "session_duration_minutes": 10.000280283333332,
  "current_portfolio_value": 9996.032339698022,
  "metrics": {
    "total_trades": 1,
    "successful_trades": 0,
    "total_return": -0.00039676603019779576,
    "max_drawdown": 0.0009990009990009639,
    "sharpe_ratio": 0.6152493614042231,
    "win_rate": 0,
    "avg_trade_return": 0,
    "volatility": 0.0001224581213699626,
    "total_fees": 9.990009990009991
  },
  "recent_trades": 1,
  "error_count": 0,
  "consecutive_errors": 0
}