{
  "timestamp": "2025-09-23T07:47:23.912620",
  "session_duration_minutes": 10.000177583333334,
  "current_portfolio_value": 10013.256531293853,
  "metrics": {
    "total_trades": 1,
    "successful_trades": 0,
    "total_return": 0.0013256531293853186,
    "max_drawdown": 0.0009990009990009639,
    "sharpe_ratio": 0.6615815065508025,
    "win_rate": 0,
    "avg_trade_return": 0,
    "volatility": 0.00043936103359385517,
    "total_fees": 9.990009990009991
  },
  "recent_trades": 1,
  "error_count": 0,
  "consecutive_errors": 0
}