{
  "timestamp": "2025-09-23T07:52:23.927382",
  "session_duration_minutes": 15.000423616666666,
  "current_portfolio_value": 10021.551922037883,
  "metrics": {
    "total_trades": 1,
    "successful_trades": 0,
    "total_return": 0.0021551922037882833,
    "max_drawdown": 0.0009990009990009639,
    "sharpe_ratio": 0.6474509507038272,
    "win_rate": 0,
    "avg_trade_return": 0,
    "volatility": 0.000374684498327619,
    "total_fees": 9.990009990009991
  },
  "recent_trades": 1,
  "error_count": 0,
  "consecutive_errors": 0
}