{
  "timestamp": "2025-09-29T16:58:54.214260",
  "session_duration_minutes": 15.0006549,
  "current_portfolio_value": 10038.820654148913,
  "metrics": {
    "total_trades": 1,
    "successful_trades": 0,
    "total_return": 0.003882065414891258,
    "max_drawdown": 0.003083595197762132,
    "sharpe_ratio": 0.31293759618930594,
    "win_rate": 0,
    "avg_trade_return": 0,
    "volatility": 0.001419451664107153,
    "total_fees": 9.990009990009991
  },
  "recent_trades": 1,
  "error_count": 0,
  "consecutive_errors": 0
}